0,https://www.zhipin.com/job_detail/2805728d23ba6b9c1nF_09u_FVFZ.html,PMO/SQA(质量管理),上海·徐汇区·漕河泾,  中软国际 计算机软件已上市10000人以上   , 13-24K 1-3年本科  陈先生招聘主管    立即沟通  ,  CMMI  餐补，带薪年假，节日福利，免费班车，加班补助，定期体检，零食下午茶，员工旅游，年终奖，五险一金 
0,https://www.zhipin.com/job_detail/caf94847024186f01nB82dS1E1VV.html,质量管理主管,上海,  波克城市 游戏不需要融资1000-9999人   , 15-30K·15薪 3-5年大专  赵先生测试经理    立即沟通  ,  功能测试 性能测试 自动化测试 Android Linux Windows Python  员工旅游，五险一金，定期体检，零食下午茶，带薪年假，交通补助，节日福利，补充医疗保险，包吃，年终奖，住房补贴 
0,https://www.zhipin.com/job_detail/1572789cbbf4f7930n1z3d60FFM~.html,质量管理/运营QA/研发QA,上海·长宁区·仙霞,  拼多多 移动互联网已上市1000-9999人   , 15-30K·16薪 1-3年本科  陆女士招聘者    立即沟通  ,  SQA 质量管理 QA  年终奖，五险一金，包吃，带薪年假，定期体检，节日福利，交通补助，股票期权 
0,https://www.zhipin.com/job_detail/7102f244706f91430HB_2t29GVo~.html,质量管理工程师,上海·浦东新区·唐镇,  兴业数金 互联网不需要融资1000-9999人   , 17-25K·14薪 3-5年本科  张先生项目经理    立即沟通  ,  DevOps 项目管理 质量管理 scrum  带薪年假，免费班车，补充医疗保险，节日福利，年终奖，定期体检，餐补，五险一金，加班补助，通讯补贴 
0,https://www.zhipin.com/job_detail/e2138dcb06c9ec081nN_3Nq-FFZZ.html,质量管理,上海·徐汇区·徐家汇,  优必选 智能硬件C轮1000-9999人   , 15-30K 5-10年本科  陆女士养老运营管理高级总监    立即沟通  ,  技术管理  定期体检，五险一金，补充医疗保险 
0,https://www.zhipin.com/job_detail/2ab954a72b83df341nB82dS1FldQ.html,质量管理工程师,上海,  波克城市 游戏不需要融资1000-9999人   , 12-24K·15薪 1-3年大专  赵先生测试经理    立即沟通  ,  手游测试 Android Python SQL 自动化测试 功能测试 性能测试 Android测试  住房补贴，节日福利，补充医疗保险，年终奖，包吃，零食下午茶，带薪年假，员工旅游，五险一金，定期体检，交通补助 
0,https://www.zhipin.com/job_detail/90f9748c432fad171n1-29q1GVZV.html,质量管理总监,上海·浦东新区·周浦,  米尔圣 电子/半导体/集成电路未融资20-99人   , 18-28K 3-5年本科  王女士人力资源经理    立即沟通  ,  质量管理体系标准 汽车质量管理体系标准  五险一金 
0,https://www.zhipin.com/job_detail/10c0122f02e9e9701nN52Nq1ElBW.html,资深质量管理工程师/经理,上海·长宁区·北新泾,  武汉力源 智能硬件已上市500-999人   , 15-25K·17薪 1-3年本科  姚女士人力资源    立即沟通  ,  电子元器件 芯片 质量管理  五险一金，定期体检，年终奖，通讯补贴，员工旅游，带薪年假，节日福利，交通补助，餐补 
0,https://www.zhipin.com/job_detail/0a047bf91acb5dea1nZz2tW4FltQ.html,质量管理,上海·普陀区·长风,  泉源堂 医疗健康已上市1000-9999人   , 15-18K 经验不限大专  代女士人事    立即沟通  ,  GSP  专业培训，定期体检，定期团建，五险一金，节日福利，带薪年假，补充医疗保险 
0,https://www.zhipin.com/job_detail/f0a9bd615893bfa01nF-2dy1FlZQ.html,质量管理经理,上海·长宁区·仙霞,  信达生物 制药已上市1000-9999人   , 12-18K·14薪 5-10年硕士  赵女士副总裁，DM/PV/QA    立即沟通  ,  临床监查员 CRO 临床数据分析 临床试验  股票期权，补充医疗保险，带薪年假，节日福利，交通补助，加班补助，年终奖，定期体检，餐补，五险一金，包吃 
0,https://www.zhipin.com/job_detail/d849d9ea9feaa1171nN73dm_GFFV.html,质量管理,上海·杨浦区·五角场,  爱回收 O2O已上市1000-9999人   , 12-20K·13薪 3-5年本科  陈女士HR    立即沟通  ,  质量管理 供应商管理  带薪年假，员工旅游，五险一金，零食下午茶，节日福利，补充医疗保险 
0,https://www.zhipin.com/job_detail/339a8127b7361def1nx43tW6EVZV.html,研发QA   （质量管理/过程管理）,上海·宝山区·庙行,  谷斗科技(上海)... 计算机软件A轮20-99人   , 12-20K·14薪 3-5年本科  张女士HRD    立即沟通  ,  CMMI PQA/PQE DQE/DQA IQC IPQC 质量管理体系标准 GMP SSOP  股票期权，带薪年假，五险一金，节日福利，零食下午茶，年终奖，员工旅游，定期体检 
0,https://www.zhipin.com/job_detail/4801e324851cd6bb1XR62ty4E1NX.html,质量管理体系咨询师丨医疗器械,上海,  上海英格尔 企业服务不需要融资1000-9999人   , 12-20K 3-5年大专  戈先生HRM    立即沟通  ,  CE认证 医疗器械生产质量管理规范 ISO认证 一类医疗器械 二类医疗器械 三类医疗器械 进口医疗器械注册 医疗器械注册  年终奖，带薪年假，包吃，加班补助，股票期权，五险一金，节日福利 
0,https://www.zhipin.com/job_detail/85a518ce6b160e781nx809W7EVFU.html,质量管理主管,上海·奉贤区·四团,  上海腾瑞制药有限公司 医疗健康A轮500-999人   , 15-20K 3-5年大专  赵女士HR    立即沟通  ,  GMP CAPA 医药生产 生物工程  包住，带薪年假，免费班车，五险一金，定期体检，节日福利 
0,https://www.zhipin.com/job_detail/6ec50865b111ed221XR62Nm_GFJZ.html,质量管理（QA）,上海·松江区·新桥,  美因基因 医疗健康D轮及以上100-499人   , 13-18K 3-5年本科  苏女士招聘者    立即沟通  ,  体外诊断试剂 IVD注册 三类医疗器械 QA  带薪年假，年终奖，股票期权，交通补助，定期体检，餐补，员工旅游，节日福利，五险一金 
0,https://www.zhipin.com/job_detail/397035f6203fa4751XR43tu5EFdQ.html,BIM板块技术质量管理,上海·静安区·火车站,  华建数创 移动互联网不需要融资100-499人   , 15-20K 10年以上本科  方女士HR    立即沟通  ,  质量管理  补充公积金，带薪年假，五险一金，定期体检，餐补 
0,https://www.zhipin.com/job_detail/af76024fb84e3ebf1nJ-3ty9E1RY.html,【上海】诚聘高级质量管理体系专员,上海·杨浦区·中原,  微谱 企业服务未融资1000-9999人   , 12-18K 5-10年本科  袁女士招聘经理    立即沟通  ,  GMP GMP认证 CNAS CMA 第三方检测 EHS QEHS体系管理 检测机构  免费班车，带薪年假，交通补助，节日福利，年终奖，五险一金，员工旅游，通讯补贴，定期体检 
0,https://www.zhipin.com/job_detail/95900224e81af4a30XV_09m0E1I~.html,云质QMS质量管理软件实施顾问,上海·浦东新区·金桥,  上海云质信息 计算机软件未融资20-99人   , 15-30K·14薪 3-5年本科  徐先生项目总监    立即沟通  ,  实施顾问 QMS 质量管理 质量软件 质量系统 质量平台 质量数据分析 质量检测  补充医疗保险，年终奖，员工旅游，五险一金，零食下午茶，股票期权，定期体检，带薪年假 
0,https://www.zhipin.com/job_detail/cd3f476b96765f1d1nx_29S4GFZZ.html,质量管理,上海·金山区·山阳,  泰铂 汽车生产B轮100-499人   , 15-23K 5-10年本科  陶先生招聘者    立即沟通  ,  内审员证 QC七大手法 PPAP FMEA APQP  年终奖，福利年假，通讯补贴，包吃，交通补助，节日福利，调休，加班补助，住房，五险一金，免费班车，带薪年假 
0,https://www.zhipin.com/job_detail/ba3eac029616860d1XR-2ti5ElpQ.html,质量管理经理,上海·浦东新区·陆家嘴,  盘古餐饮 餐饮未融资20-99人   , 16-30K·14薪 5-10年本科  张女士组织发展经理    立即沟通  ,  食品/饮料/烟酒 食品质量 熟悉ISO9000/9001 熟悉ISO22000  带薪年假，餐补 
0,https://www.zhipin.com/job_detail/ea3dd593a21b3a471nx909-5FlBZ.html,质量管理工程师,上海·松江区·泗泾,  赛目科技 计算机软件未融资100-499人   , 15-30K·14薪 3-5年本科  刘女士HR    立即沟通  ,  质量管理体系标准  五险一金，员工旅游，零食下午茶，年终奖，补充医疗保险，股票期权，带薪年假，节日福利 
0,https://www.zhipin.com/job_detail/9d5e76f1cb9bccc11nN52t-5E1dR.html,医疗器械生产/质量管理,上海,  万奇光电技术 医疗健康未融资20-99人   , 11-22K 1-3年本科  徐女士人事    立即沟通  ,  QC   
0,https://www.zhipin.com/job_detail/8c227b81e7ff7be81n163d-6ElVZ.html,质量管理,上海,  云鹊医疗 移动互联网B轮100-499人   , 12-20K·15薪 3-5年本科  沈先生招聘经理    立即沟通  ,  医疗器械生产质量管理规范 QC QA  零食下午茶，五险一金，年终奖，定期体检，带薪年假，年底双薪，补充医疗保险，股票期权，加班补助，节日福利 
0,https://www.zhipin.com/job_detail/e769044d44b90faa1n162N20GFFV.html,医疗器械质量管理负责人,上海·奉贤区·西渡,  大格生物 医疗设备/器械20-99人   , 15-25K 5-10年本科  章女士人事    立即沟通  ,  生物工程 体外诊断试剂 二类医疗器械 ISO认证 医疗器械生产质量管理规范  年终奖，加班补助，五险一金，带薪年假，股票期权，员工旅游，零食下午茶 
0,https://www.zhipin.com/job_detail/ab5947d5c4aabd981nN-0tW7GVFR.html,医疗器械生产/质量管理,上海·浦东新区·惠南,  原能 机械设备/机电/重工100-499人   , 15-25K·13薪 3-5年本科  廖女士招聘者    立即沟通  ,  二类医疗器械   
0,https://www.zhipin.com/job_detail/ea15995de32521aa1XBy0tq5EFc~.html,医疗器械生产/质量管理,上海·闵行区·浦江,  安甲生物 医疗健康天使轮20-99人   , 8-16K 1-3年本科  刘先生经理    立即沟通  ,  生物技术研究 管理体系认证 实验室认证  餐补，五险一金，进修深造，股票期权，年终奖，加班补助，员工旅游，全勤奖，交通补助，带薪年假，住房补贴，通讯补贴，定期体检，节日福利 
0,https://www.zhipin.com/job_detail/0e4893dc1e167b5d1nJy2dW4EFBS.html,病毒生产质量管理工程师,上海·浦东新区·外高桥,  凌意生物 医疗健康A轮20-99人   , 12-24K 1-3年本科  顾女士人事    立即沟通  ,  生物工程 医药科研 GMP GLP 医药研发 化学检验 QC 病毒质量管理  定期体检，员工旅游，节日福利，交通补助，年终奖，餐补，带薪年假，加班补助，五险一金 
0,https://www.zhipin.com/job_detail/6db48c31946d35431nR729u5FVBT.html,医疗器械生产/质量管理,上海·奉贤区·奉浦,  牙太太 医疗健康未融资0-20人   , 15-20K 3-5年大专  王先生总经理    立即沟通  ,  医疗器械 医疗器械生产质量管理规范 医疗器械注册 医疗器械生产   
0,https://www.zhipin.com/job_detail/daae39976f0889c01nx-3tu1EVFZ.html,医疗器械质量管理高级咨询顾问,上海·浦东新区·张江,  辛格迪健康科技 计算机软件天使轮20-99人   , 15-18K·14薪 3-5年本科  谭先生人事经理    立即沟通  ,  医疗器械生产质量管理规范  五险一金 
0,https://www.zhipin.com/job_detail/f5e1370c61496c690XV_096_FVY~.html,云质QMS质量管理软件Reactjs前端工程师,上海·浦东新区·金桥,  上海云质信息 计算机软件未融资20-99人   , 15-30K 3-5年本科  徐先生项目总监    立即沟通  ,  前端开发 质量管理 QMS 质量软件 质量检测 品质管理 质量系统 质量数据分析  定期体检，年终奖，带薪年假，员工旅游，零食下午茶，补充医疗保险，五险一金，股票期权 
0,https://www.zhipin.com/job_detail/dfa83b76b24391661XR409m6FldV.html,研发质量管理工程师（PQA）,上海,  传音控股 通信/网络设备已上市10000人以上   , 18-35K·14薪 3-5年本科  邓女士做一个靠谱的HR    立即沟通  ,  PQA/PQE IPD 手机  员工旅游，带薪年假，餐补，住房补贴，补充医疗保险，定期体检，交通补助，年终奖，节日福利，零食下午茶，通讯补贴，免费班车，五险一金 
0,https://www.zhipin.com/job_detail/aacd2451d7b93ee91n1-29q0GFpS.html,GMP质量管理负责人,上海·闵行区·浦江,  麦凯生物 医疗设备/器械A轮20-99人   , 15-25K 1-3年本科  王先生研发总监    立即沟通  ,  医疗器械生产质量管理规范  五险一金，通讯补贴，交通补助 
0,https://www.zhipin.com/job_detail/80f40aa6aabfa8af1XR53dS7FFZQ.html,项目质量管理,上海·徐汇区·植物园,  闻泰科技 智能硬件已上市10000人以上   , 15-20K 5-10年本科  王先生招聘者    立即沟通  ,  产品开发 技术管理 质量  餐补，加班补助，定期体检，全勤奖，节日福利，五险一金，股票期权，带薪年假 
0,https://www.zhipin.com/job_detail/1a31aa954d51379a0XV_09m_FVE~.html,云质QMS质量管理软件Node.js后端开发工程师,上海·浦东新区·金桥,  上海云质信息 计算机软件未融资20-99人   , 15-30K·14薪 3-5年本科  徐先生项目总监    立即沟通  ,  后端开发 QMS 质量软件 质量管理 质量系统 质量检测 品质管理 质量数据分析  年终奖，股票期权，零食下午茶，五险一金，带薪年假，定期体检，补充医疗保险，员工旅游 
0,https://www.zhipin.com/job_detail/92529f2fa1eb1ba61XR439y8FFJZ.html,质量经理,上海·奉贤区·四团,  泽升汽车 原材料及加工/模具不需要融资500-999人   , 15-30K 3-5年本科  万先生厂长    立即沟通  ,  SQA/SQE 质量管理体系标准 内审员证 汽车质量管理  年终奖，五险一金，包吃，全勤奖，包住 
0,https://www.zhipin.com/job_detail/87aa96d3e9170ffc1XR73tW4GFFW.html,软件质量工程师（SQA）：,上海·浦东新区·张江,  信也科技 互联网已上市1000-9999人   , 15-25K·15薪 3-5年本科  王女士招聘专家    立即沟通  ,  SQA/SQE 质量管理体系标准 CMMI  股票期权，节日福利，年终奖，定期体检，员工旅游，零食下午茶，免费班车，带薪年假，五险一金，餐补，补充医疗保险 
0,https://www.zhipin.com/job_detail/65370021f5ea511b1XR43N21EVpS.html,AQE前期质量工程师,上海,  日铭电脑 原材料及加工/模具不需要融资10000人以上   , 16-25K 3-5年大专  汪女士招聘专员    立即沟通  ,  8D报告 APQP DQE/DQA FQE PQA/PQE  免费班车，加班补助，包吃，节日福利，带薪年假，员工旅游，住房补贴，全勤奖，年终奖，五险一金 
0,https://www.zhipin.com/job_detail/4f7d94caf741ac401n180965FFBS.html,产品质量工程师 (MJ001094),上海·杨浦区·五角场,  商米 智能硬件D轮及以上500-999人   , 15-25K·15薪 5-10年本科  章女士高级招聘    立即沟通  ,  FMEA SQA/SQE 研发质量  节日福利，补充医疗保险，股票期权，通讯补贴，带薪年假，五险一金，定期体检，员工旅游，年终奖 
0,https://www.zhipin.com/job_detail/938bf49ffba513561n1-2tW7F1JS.html,客户质量工程师,上海·嘉定区·嘉定镇,  禾赛 电子/半导体/集成电路D轮及以上1000-9999人   , 15-25K 5-10年本科  王女士高级招聘专员    立即沟通  ,  汽车质量管理体系标准 汽车质量管理 8D报告 SPC FMEA MSA PPAP APQP  零食下午茶，定期体检，年终奖，五险一金，餐补，员工旅游，补充医疗保险，节日福利，带薪年假，包吃，股票期权 
0,https://www.zhipin.com/job_detail/e50fe9ed6aee6d641nx_3NS8E1JT.html,质量经理,上海·浦东新区·张江,  蓝帆医疗 医疗设备/器械已上市1000-9999人   , 15-20K·14薪 3-5年本科  尹先生总监    立即沟通  ,  五险一金 八小时工作制 弹性工作制 带薪年假  餐补，带薪年假，免费班车，年终奖，五险一金 
0,https://www.zhipin.com/job_detail/4b1e216c5b2795f51n163dq9EFVS.html,质量工程师,上海·浦东新区·芦潮港,  三一重机有限公司 机械设备/机电/重工已上市10000人以上   , 12-20K·13薪 经验不限本科  张女士招聘经理    立即沟通  ,  生产质量管理 精益生产 QC七大手法 全面质量管理TQM  定期体检，节日福利，五险一金，带薪年假，免费班车，餐补，股票期权，年终奖，住宿 
0,https://www.zhipin.com/job_detail/e8bda138725bc8471nN73dW8FVBR.html,制药质量工程师,上海·闵行区·马桥,  杭州福斯特 电力/热力/燃气/水利已上市1000-9999人   , 12-20K·14薪 5-10年本科  张女士招聘经理    立即沟通  ,  GMP  员工餐厅，加班补助，兴趣俱乐部，员工旅游，节日福利，免费班车，股票期权，带薪年假，团建活动，年终奖，五险一金，定期体检 
0,https://www.zhipin.com/job_detail/901791bc187b277d1nN62di9GVJR.html,质量经理（医药物流）,上海·青浦区·华新,  华欣物流 物流/仓储不需要融资500-999人   , 15-20K·13薪 5-10年本科  李女士人力资源主管    立即沟通  ,  医药物流 质量管理 质量管理体系标准 GMP认证  五险一金，节日福利，年终奖，定期体检，带薪年假 
0,https://www.zhipin.com/job_detail/a0e75a7be92837841nJ62tW5ElJZ.html,食品质量经理,上海·奉贤区·金汇,  上海芝然乳品 食品/饮料/烟酒已上市500-999人   , 15-20K·13薪 5-10年本科  唐女士人事    立即沟通  ,  食品质量管理  节日福利，年终奖，带薪年假，通讯补贴，五险一金，包吃，股票期权，加班补助，定期体检，全勤奖，交通补助 
0,https://www.zhipin.com/job_detail/eb89f2875bc450ee1n1y29-6EVFV.html,项目质量工程师,上海·浦东新区·金桥,  擎朗智能 智能硬件D轮及以上1000-9999人   , 12-20K 3-5年本科  陈先生项目质量经理    立即沟通  ,  五险 质量工程师 研发质量 设计质量  全勤奖，年终奖，带薪年假，零食下午茶，股票期权，五险一金，节日福利，员工旅游，定期体检，补充医疗保险 
0,https://www.zhipin.com/job_detail/2c70e7eb6bec39411n153tS4E1tV.html,QA质量经理（家具建材）,上海·闵行区·华漕,  红星美凯龙互联网集团 互联网已上市10000人以上   , 15-20K·14薪 3-5年本科  郑先生HRBP    立即沟通  ,  质量管理体系标准  五险一金，餐补，通讯补贴，补充医疗保险，带薪年假，加班补助，免费班车，节日福利，住房补贴，年终奖，员工旅游，包吃，定期体检 
0,https://www.zhipin.com/job_detail/51ed4edef5dd63d51nJ83dm7ElNQ.html,前期质量工程师（理工科）,上海,  纳恩汽车技术 汽车零部件D轮及以上500-999人   , 13-18K 1-3年本科  火女士人事部经理    立即沟通  ,  APQP 前期质量 汽车电子   
0,https://www.zhipin.com/job_detail/79e8acb97d46ab6f1nd62t6-FlJR.html,化妆品质量管理,上海,  如薇苏州 电子商务不需要融资100-499人   , 12-20K·13薪 3-5年大专  张女士人事主管    立即沟通  ,  化妆品  定期体检，带薪年假，员工旅游，零食下午茶，年终奖，五险一金，节日福利 
0,https://www.zhipin.com/job_detail/f70f34a07152df021nJ53dS-EVRX.html,质量经理,上海·青浦区·赵巷,  甄云科技 企业服务C轮500-999人   , 15-24K·14薪 5-10年本科  屈先生测试总监    立即沟通  ,  软件测试 功能测试 QA  零食下午茶，五险一金，定期体检，年终奖，补充医疗保险，带薪年假，免费班车，员工旅游，节日福利 
0,https://www.zhipin.com/job_detail/bfe26aef01017d5c1nx53N-7EVJQ.html,视频质量测评工程师,上海·杨浦区·五角场,  声网Agora 移动互联网已上市1000-9999人   , 18-35K·15薪 3-5年本科  李先生HRBP    立即沟通  ,  Java Python  零食下午茶，带薪年假，年终奖，五险一金，节日福利，员工旅游，健身补贴，定期体检，交通补助 
0,https://www.zhipin.com/job_detail/143c3989903e84061XV_29S_E1JV.html,售后质量工程师,上海·浦东新区·临港,  特斯拉Tesla 汽车生产已上市10000人以上   , 18-35K·17薪 5-10年本科  张先生公司职员    立即沟通  ,  售后质量工程师  五险一金，加班补助，带薪年假，年终奖，节日福利，股票期权，零食下午茶，定期体检，免费班车，通讯补贴，住房补贴，补充医疗保险，餐补 
0,https://www.zhipin.com/job_detail/b633b572074e78871XV-3dy6ElBU.html,时政内容质量运营,上海·徐汇区·漕河泾,  北京字节跳动 移动互联网D轮及以上10000人以上   , 15-25K·15薪 3-5年本科  韦女士HRBP    立即沟通  ,  内容挖掘与分发 内容运营 个性化推荐 记者编辑 新媒体运营 内容安全 内容质量 内容研判  免费班车，包吃，节日福利，五险一金，零食下午茶，免费健身房，住房补贴，嘀嘀打车 
0,https://www.zhipin.com/job_detail/751f2a7b07c969811nx709u8FlNQ.html,图像质量工程师,上海·徐汇区·漕河泾,  SmartSens思特威电子 电子/半导体/集成电路不需要融资500-999人   , 15-30K·15薪 1-3年本科  蒋女士资深招聘经理    立即沟通  ,  视觉图像算法 算法设计 图像处理  带薪年假，股票期权，免费班车，员工旅游，餐补，补充医疗保险，五险一金，定期体检，加班补助，年终奖，节日福利，零食下午茶 
0,https://www.zhipin.com/job_detail/7702f7cf69a845201nx739u1F1RU.html,软件质量工程师,上海·闵行区·浦江,  锋泾集团 其他行业不需要融资500-999人   , 18-25K 3-5年本科  薛女士招聘经理    立即沟通  ,  软件质量  餐补，加班补助，年终奖，定期体检，员工旅游，通讯补贴，节日福利，五险一金，零食下午茶，免费班车 
0,https://www.zhipin.com/job_detail/1bca6ab42de6ae851n1z2tS6E1NX.html,自研软件质量工程师-薪资面议,上海·闵行区·浦江,  华人运通控股(上... 新能源不需要融资1000-9999人   , 15-30K·14薪 1-3年本科  卜女士人事专员    立即沟通  ,  APP测试  补充医疗保险，节日福利，通讯补贴，定期体检，定期体检，五险一金，带薪年假，年终奖，免费班车 
0,https://www.zhipin.com/job_detail/e1cebd837be5c4061nFz2NW6EVRZ.html,蚂蚁国际质量部2022年实习生春招,上海·浦东新区·陆家嘴,  蚂蚁金服 移动互联网D轮及以上1000-9999人   , 15-25K·16薪 在校/应届本科  高先生招聘者    立即沟通  ,  自动化测试 移动端自动化测试 Java Python  员工旅游，餐补，包吃，节日福利，全勤奖，带薪年假，五险一金，补充医疗保险，加班补助，年终奖，免费班车，股票期权 
0,https://www.zhipin.com/job_detail/42383d2d757e14311XR-29-4ElFR.html,研发工程师（质量保障方向）-产品研发,上海·杨浦区·五角场,  今日头条 移动互联网D轮及以上10000人以上   , 15-30K·15薪 在校/应届本科  刘女士HR    立即沟通  ,  Java Python C/C++ 自动化测试 服务端测试 移动端测试 web端测试  加班补助，免费班车，定期体检，交通补助，带薪年假，员工旅游，股票期权，零食下午茶，通讯补贴，节日福利，补充医疗保险，住房补贴，包吃，年终奖，五险一金 
0,https://www.zhipin.com/job_detail/fc31f8f9f7bf858d1nZ739W1E1pX.html,质量经理,上海,  上海来伊份 生活服务已上市10000人以上   , 15-20K 5-10年本科  叶女士HRBP    立即沟通  ,  周末双休 食品质量管理 食品质量管理体系标准  带薪年假，年终奖，定期体检，员工旅游，零食下午茶，五险一金，节日福利 
0,https://www.zhipin.com/job_detail/c3dc73757358eca11nN-3dS1ElpS.html,图像处理/质量工程师,上海·浦东新区·周浦,  SSME 医疗健康已上市1000-9999人   , 15-20K 1-3年本科  康女士招聘专员    立即沟通  ,  Python  五险一金，带薪年假，定期体检，股票期权，节日福利，免费班车，交通补助，补充医疗保险，加班补助，餐补，员工旅游，年终奖 
0,https://www.zhipin.com/job_detail/93f5d5999211b61d1nxz3dq-GVNY.html,质量经理,上海·宝山区·通河,  爱回收 O2O已上市1000-9999人   , 18-26K·13薪 5-10年本科  简女士HRBP 总监    立即沟通  ,  生产质量管理 研发质量管理  节日福利，补充医疗保险，零食下午茶，员工旅游，带薪年假，五险一金 
0,https://www.zhipin.com/job_detail/d8562ff2a4161d201nB82du9EltT.html,整车质量业务需求分析师,上海·浦东新区·张江,  智己汽车 汽车生产未融资1000-9999人   , 15-30K 3-5年本科  罗先生招聘者    立即沟通  ,  软件需求分析 产品经理  年终奖，免费班车，餐补，节日福利，交通补助，带薪年假，五险一金，零食下午茶，定期体检，员工旅游 
0,https://www.zhipin.com/job_detail/1acef5ad4021be581n1-09i4GFZW.html,测试过程质量工程师,上海·嘉定区·嘉定镇,  禾赛 电子/半导体/集成电路D轮及以上1000-9999人   , 15-25K 3-5年本科  王女士高级招聘专员    立即沟通  ,  汽车质量管理体系标准 SPC MSA 6σ  股票期权，补充医疗保险，餐补，年终奖，员工旅游，零食下午茶，节日福利，包吃，带薪年假，五险一金，定期体检 
0,https://www.zhipin.com/job_detail/4be5572380259d101n1839i7EldR.html,售后质量工程师,上海·浦东新区·金桥,  擎朗智能 智能硬件D轮及以上1000-9999人   , 12-18K 3-5年本科  钱女士Talent Acquisition    立即沟通  ,  售后质量管理 客户质量管理 CQE  全勤奖，节日福利，零食下午茶，带薪年假，股票期权，五险一金，定期体检，年终奖，员工旅游，补充医疗保险 
0,https://www.zhipin.com/job_detail/c5f6d1758a5110db1XR63d28F1pX.html,质量工程师,上海·浦东新区·张江,  上海泰矽微 电子/半导体/集成电路A轮20-99人   , 15-30K·14薪 5-10年本科  邵女士HRD    立即沟通  ,  质量管理体系标准 汽车质量管理体系标准 SPC MSA PQA/PQE  员工旅游，定期体检，股票期权，五险一金，餐补，补充医疗保险，交通补助，零食下午茶，年终奖，带薪年假，包吃，节日福利 
0,https://www.zhipin.com/job_detail/58a2bf87f85ff2761nx839W9F1dZ.html,质量经理,上海·浦东新区·合庆,  瑞柯恩激光 医疗健康B轮100-499人   , 15-30K·14薪 3-5年本科  王女士人力资源总监    立即沟通  ,  全面质量管理TQM 生产质量管理  补充医疗保险，员工旅游，节日福利，定期体检，包吃，年终奖，零食下午茶，五险一金，带薪年假 
0,https://www.zhipin.com/job_detail/61f371808c9339461nJy3du9GVJZ.html,质量控制工程师,上海·浦东新区·张江,  微创机器人 医疗设备/器械已上市1000-9999人   , 15-25K 3-5年本科  巨女士招聘主管    立即沟通  ,  QC FQC IQC PQC  定期体检，员工旅游，住房补贴，年终奖，带薪年假，餐补，免费班车，五险一金，节日福利 
0,https://www.zhipin.com/job_detail/67a34aca00b5c1c81nRy3t-8GFRT.html,质量经理（医疗保健）,上海·杨浦区·五角场,  南极电商 互联网已上市500-999人   , 15-25K·14薪 5-10年大专  宋女士HRBP    立即沟通  ,  医疗器械  年终奖，五险一金，节日福利，餐补，员工旅游，股票期权，定期体检，零食下午茶，加班补助，带薪年假 
0,https://www.zhipin.com/job_detail/fd1aa19948b15d701n1z2dy8ElVY.html,质量设计工程师,上海,  上海拓璞 机械设备/机电/重工C轮500-999人   , 12-24K 3-5年本科  李女士招聘主管    立即沟通  ,  质量管理体系标准  五险一金，免费工作餐，带薪年假，年终奖，定期体检，节日福利，交通补助，免费班车，员工宿舍 
0,https://www.zhipin.com/job_detail/d42916242459f0621XR-29y7EVZZ.html,质量保证工程师（QA）,上海·浦东新区·曹路,  台达电子 智能硬件已上市10000人以上   , 15-22K 1-3年本科  卢女士招聘专家    立即沟通  ,  汽车质量管理体系标准 内审员证  五险一金，员工旅游，带薪年假，包吃，年终奖，定期体检，餐补，免费班车，节日福利 
0,https://www.zhipin.com/job_detail/98b8be66e05891031XR-2t21EFRR.html,质量体系工程师,上海,  艾为电子 电子/半导体/集成电路已上市500-999人   , 18-35K·15薪 5-10年本科  王女士招聘经理    立即沟通  ,  质量管理体系标准 汽车质量管理体系标准 ISO26262  五险一金，节日福利，带薪年假，餐补，年终奖，零食下午茶，补充医疗保险，福利住房，通讯补贴，交通补助，员工旅游，定期体检 
0,https://www.zhipin.com/job_detail/db5860e9d8f8e9351nZ729q_ElZV.html,项目质量经理/PQM,上海,  七十迈 智能硬件B轮100-499人   , 15-28K·14薪 3-5年本科  宋女士招聘主管    立即沟通  ,  全面质量管理TQM 消费电子 智能硬件  定期体检，六险一金，周年庆活动，交通补助，零食下午茶，带薪年假，节日福利，年终奖，员工旅游，餐补，股票期权 
0,https://www.zhipin.com/job_detail/8b6cb3b04b4b814d1n1z2t-4FVBS.html,产品质量工程师,上海·浦东新区·金桥,  黑芝麻智能科技 电子/半导体/集成电路C轮500-999人   , 15-25K·15薪 3-5年本科  李女士HR Generalist    立即沟通  ,  PPAP APQP FMEA 8D报告 汽车质量管理体系标准 内审员证 PQA/PQE  五险一金，住房补贴，定期体检，交通补助，节日福利，补充医疗保险，股票期权，零食下午茶，餐补，绩效奖金，年终奖，带薪年假 
0,https://www.zhipin.com/job_detail/c3ee3842751a7c141XR53Nm9ElFU.html,过程质量工程师PQE,上海·浦东新区·张江,  智驾汽车科技 计算机软件B轮100-499人   , 15-22K·13薪 3-5年本科  付女士招聘者    立即沟通  ,  生产质量管理 SPC MSA FMEA APQP PPAP 汽车质量管理体系标准 PQA/PQE  股票期权，五险一金，福利年休假，定期体检，餐补，包吃，员工旅游，带薪年假，零食下午茶，年终奖，补充公积金，节日福利 
0,https://www.zhipin.com/job_detail/a20e02b7563f035b1XR73NS_FVVW.html,SQA质量工程师,上海·浦东新区·张江,  文睿 计算机软件未融资100-499人   , 13-22K·13薪 1-3年学历不限  赵女士技术总监    立即沟通  ,  SQA/SQE 软件项目 手机 消费电子  五险一金，节日福利，年终奖，定期体检，带薪年假 
0,https://www.zhipin.com/job_detail/fcaf395596e2bcdb1XR62966FltR.html,药品质量负责人（药房门店）,上海·浦东新区·金桥,  福歆 批发/零售不需要融资500-999人   , 18-30K 3-5年本科  任女士HR    立即沟通  ,  不可兼职  五险一金，定期体检，生日福利，年终奖，员工旅游，零食下午茶，带薪年假，节日福利 
0,https://www.zhipin.com/job_detail/7387ff9acac557d81nx_2926GVJQ.html,售后质量工程师,上海·闵行区·春申,  电气国轩 新能源不需要融资500-999人   , 15-25K 3-5年本科  熊先生人力资源总监    立即沟通  ,  DQE/DQA CQE AQE SQA/SQE 8D报告 PPAP APQP QC七大手法  带薪年假，节日福利，股票期权，零食下午茶，员工旅游，餐补，补充医疗保险，住房补贴，年终奖，定期体检，五险一金 
0,https://www.zhipin.com/job_detail/e7294c0f0ae840c31XV429q1FlBS.html,化妆品质量负责人,上海·静安区·大宁,  欧诗漫电商 电子商务未融资100-499人   , 13-25K·13薪 5-10年大专  史女士人事经理HRM    立即沟通  ,  质量管理体系标准 ISO22716  年终奖，节日福利，全勤奖，定期体检 
0,https://www.zhipin.com/job_detail/89d0214bbb12c1231nx93dy-E1tV.html,市场质量研究主管,上海·闵行区·春申,  合众新能源汽车有...... 汽车生产C轮1000-9999人   , 11-22K·14薪 3-5年大专  侯先生招聘HR    立即沟通  ,  质量管理体系标准  节日福利，交通补助，定期体检，通讯补贴，餐补，五险一金，补充医疗保险，免费班车，加班补助 
0,https://www.zhipin.com/job_detail/45e8c438b9911b401nx53d2-GFVU.html,客户质量工程师,上海·徐汇区·漕河泾,  思特威 电子/半导体/集成电路100-499人   , 13-26K·14薪 3-5年本科  张女士招聘主管    立即沟通  ,  PQC CQE   
0,https://www.zhipin.com/job_detail/f44d17f423dfb9eb1XR62dW7FlZY.html,项目质量经理,上海·徐汇区·漕河泾,  创米 消费电子B轮100-499人   , 15-25K·14薪 3-5年本科  任女士HRBP    立即沟通  ,  PQA/PQE DQE/DQA SQA/SQE  带薪年假，员工旅游，交通补助，生日假，年终奖，加班补助，定期体检，节日福利，餐补，人才落户，五险一金，补充医疗保险，股票期权 
0,https://www.zhipin.com/job_detail/6b50652cc3cd3d711n1z092_FVNW.html,供应商质量工程师,上海·闵行区·莘庄,  哈啰出行 互联网D轮及以上1000-9999人   , 15-25K·14薪 3-5年本科  徐先生招聘专家    立即沟通  ,  机械部件 熟悉ISO9000/9001 电子元器件  股票期权，餐补，带薪年假，定期体检，节日福利，年终奖，五险一金 
0,https://www.zhipin.com/job_detail/c35611335672550e1n1439q6E1RT.html,工业化质量主管,上海·浦东新区·张江,  施耐德电气 其他行业已上市10000人以上   , 15-25K 3-5年本科  周先生招聘专员    立即沟通  ,  供应商开发经验 英语可作为工作语言 跨国制造厂经验 熟悉质量5大工具 熟悉IATF6949 机械部件  带薪年假，五险一金，定期体检，节日福利，股票期权，通讯补贴，补充医疗保险，年终奖，免费班车 
0,https://www.zhipin.com/job_detail/4f0a8baafe3fec051n1y0t29FlNY.html,供应商质量工程师（压铸件）,上海·闵行区·颛桥,  法雷奥 汽车生产已上市10000人以上   , 15-22K·13薪 5-10年大专  樊先生HR Specialist    立即沟通  ,  英语可作为工作语言 汽车行业 VDA6.3 供应商质量 可接受出差 压铸件 结构件 机加工件  交通补助，补充医疗保险，包吃，免费班车，五险一金，年终奖，节日福利，带薪年假，通讯补贴，股票期权，员工旅游，定期体检 
0,https://www.zhipin.com/job_detail/fed2d0d6dfa30cba1nd63966GVNW.html,汽车软件流程质量工程师,上海·浦东新区·合庆,  天马微电子 电子/半导体/集成电路已上市10000人以上   , 15-30K·14薪 3-5年本科  辛先生HR    立即沟通  ,  车载领域 软件质量 ASPICE  带薪年假，通讯补贴，节日福利，餐补，补充医疗保险，定期体检，员工旅游，年终奖，加班补助，股票期权，五险一金，免费班车，住房补贴，交通补助，全勤奖 
0,https://www.zhipin.com/job_detail/4c9d7eb50fbcd37e1XR63di1FlNZ.html,化妆品质量管理,上海·长宁区·新华路,  研纳斯 电子商务不需要融资0-20人   , 11-22K·13薪 5-10年本科  陈女士招聘专员    立即沟通  ,  日化 化妆品 护肤品  年终奖，定期体检，五险一金，节日福利，零食下午茶，带薪年假，餐补，全勤奖 
0,https://www.zhipin.com/job_detail/0c5ee3fefec2501e1XV73N6_EVBX.html,供应商质量管理,上海·嘉定区·嘉定镇,  慧博云通 计算机软件B轮1000-9999人   , 15-25K 3-5年本科  陈女士高级招聘专员    立即沟通  ,  英语可作为工作语言 供应商开发经验 汽车/汽车用品 熟悉质量5大工具 跨国制造厂经验 SQM OEM CBP  股票期权，节日福利，定期体检，加班补助，补充医疗保险，年终奖，五险一金，带薪年假 
0,https://www.zhipin.com/job_detail/4361db5edf0ece8b1XR53dm7EFJV.html,质量经理,上海·徐汇区·徐家汇,  同位素上海公司 医疗设备/器械未融资20-99人   , 15-20K 3-5年本科  王女士人力资源经理    立即沟通  ,  CE/FAD核医学药学  定期体检，餐补，带薪年假，五险一金 
0,https://www.zhipin.com/job_detail/e7a7c59b52d3f93a1XR72d-6FlBU.html,质量经理,上海·闵行区·闵行开发区,  上海盛重重工有限公司 机械设备/机电/重工未融资100-499人   , 15-20K 5-10年大专  余女士人事部    立即沟通  ,  生产质量管理  带薪年假，年终奖，包吃，节日福利，住房补贴，提供员工宿舍，五险一金，加班补助，定期体检 
0,https://www.zhipin.com/job_detail/b1fa260c300d79ac1nB909S4F1FR.html,质量经理（管理者代表）,上海·松江区·新桥,  奥咨达 医疗健康已上市100-499人   , 15-25K 5-10年大专  宋先生人事经理    立即沟通  ,  生物工程 三类医疗器械 QC   
0,https://www.zhipin.com/job_detail/781039726383a6e51nF52966EVNT.html,质量经理,上海·奉贤区·南桥,  荟锦(上海) 日化100-499人   , 15-25K 5-10年大专  顾女士人事经理    立即沟通  ,  五险一金 生产质量管理 GMP 质量管理体系标准 GMP认证 内审员证 审核员证 质检员证书  加班补助 
0,https://www.zhipin.com/job_detail/d07292fa989407fd1nd72tu9FFBW.html,质量工程师,上海·徐汇区·植物园,  闻泰通讯股份有限公司 通信/网络设备已上市10000人以上   , 12-20K 3-5年大专  覃女士HRBP    立即沟通  ,  质量管理体系标准 供应商  零食下午茶，通讯补贴，交通补助，节日福利，全勤奖，补充医疗保险，员工旅游，餐补，带薪年假，加班补助，股票期权，定期体检，五险一金，包吃 
0,https://www.zhipin.com/job_detail/0dba994a7b8346eb1XR42Nq7EFZR.html,质量主管,上海·闵行区·颛桥,  铼钠克数控 仪器仪表/工业自动化100-499人   , 11-20K·14薪 3-5年本科  杨女士人事专员    立即沟通  ,  FMEA 质量管理体系标准 CMMI   
0,https://www.zhipin.com/job_detail/dbf45e7e5fe49e4b1nN63ty5FFNV.html,质量工程师,上海·浦东新区·张江,  上海微创投资控股... 医疗设备/器械已上市1000-9999人   , 15-20K·14薪 1-3年本科  陆女士HR    立即沟通  ,  QA 有源  带薪年假，五险一金，餐补，通讯补贴，年终奖，免费班车，节日福利，股票期权 
0,https://www.zhipin.com/job_detail/6092a7f280977e1d1XR60ty-GFFS.html,质量体系经理,上海·徐汇区·漕河泾,  箱箱共用 智能硬件D轮及以上500-999人   , 15-20K 5-10年大专  蔡先生HRBP    立即沟通  ,  内审员证 质量管理体系标准 生产质量管理 EHS  餐补，股票期权，加班补助，带薪年假，年终奖，五险一金 
0,https://www.zhipin.com/job_detail/54c50eeadae5aabd1n1509y4EVpV.html,质量经理,上海·徐汇区·漕河泾,  龙凯电子 智能硬件未融资20-99人   , 14-20K·14薪 5-10年本科  陈女士HRM    立即沟通  ,  质量管理体系标准 外审 实验室质量管理体系标准  年终奖，五险一金，零食下午茶，加班补助，带薪年假，定期体检，节日福利 
0,https://www.zhipin.com/job_detail/3a273206af8a1bc61n1_39i4FVBZ.html,质量工程师,上海·浦东新区·三林,  数智世界工业科技 原材料及加工/模具不需要融资500-999人   , 15-20K 5-10年大专  钟先生招聘者    立即沟通  ,  质量管理体系标准  节日福利，带薪年假，五险一金，定期体检 
0,https://www.zhipin.com/job_detail/55858d3a5b0fb15d1nx53N-1E1FQ.html,过程质量工程师,上海·浦东新区·合庆,  凯众 汽车零部件已上市500-999人   , 12-17K·14薪 3-5年本科  施先生招聘专员    立即沟通  ,  五险一金 质量管理体系标准 汽车质量管理体系标准 PQA/PQE  餐补，五险一金，零食下午茶，定期体检，带薪年假，节日福利，通讯补贴，免费班车，年终奖，员工旅游 
0,https://www.zhipin.com/job_detail/7415164ba6cf7dc93n1909S-EFE~.html,质量部经理,上海·宝山区·月浦,  上海纳奥 医疗设备/器械未融资20-99人   , 12-17K 1-3年本科  李女士人事主管    立即沟通  ,  QA/QE 体系工程师 ISO13485 实验室质量管理体系标准 微生物检测  零食下午茶，年终奖，通讯补贴，餐补，带薪年假，节日福利，全勤奖，五险一金 
0,https://www.zhipin.com/job_detail/275f3a18662e9e601nx92dS6F1ZZ.html,高级质量经理,上海·浦东新区·金桥,  雅罗可斯 其他行业未融资100-499人   , 11-16K 5-10年本科  朱女士HRD    立即沟通  ,  SQA/SQE APQP PPAP 汽车质量管理体系标准 环境管理体系标准 汽车质量管理  员工旅游，五险一金，带薪年假，全勤奖，定期体检，餐补，节日福利，年终奖 
0,https://www.zhipin.com/job_detail/4e5778dd999232b41XR63dq0FVZU.html,质量部主管/经理,上海·嘉定区·嘉定镇,  惠凯医疗 医疗设备/器械B轮20-99人   , 11-18K·13薪 3-5年本科  陈女士hr    立即沟通  ,  生产质量管理  员工旅游，加班补助，节日福利，定期体检，五险一金，年终奖，股票期权，餐补 
0,https://www.zhipin.com/job_detail/9da1b5faa2f810211nNz3dq9FFJT.html,临床实验室质量负责人,上海,  药明康德 医疗健康已上市10000人以上   , 15-25K 经验不限本科  张女士HR    立即沟通  ,  生物工程 ICH 临床监查员 临床数据分析 临床试验 医药科研  餐补，员工旅游，年终奖，定期体检，带薪年假，五险一金，股票期权，免费班车，加班补助，节日福利，交通补助 
0,https://www.zhipin.com/job_detail/7ba7db71024c33881nZz29-1FVZQ.html,研发质量工程师,上海·闵行区·老闵行,  北京术锐 医疗健康B轮100-499人   , 12-18K 3-5年本科  俞女士人事专员    立即沟通  ,  ISO13485 SPC FMEA MSA 医疗器械 IQC OQC PQC  带薪年假，五险一金，股票期权 
0,https://www.zhipin.com/job_detail/d40265da7303410e03Zy2dy7EFY~.html,质量经理,上海·浦东新区·周浦,  执诚生物 医疗设备/器械未融资100-499人   , 12-18K 3-5年本科  曹女士人事专员    立即沟通  ,  医疗器械质量 ISO标准  五险一金，定期体检 
0,https://www.zhipin.com/job_detail/199dbf73a6b8713d1nJ93d-8ElRX.html,PQM（项目质量经理）,上海·浦东新区·北蔡,  昶音通讯 智能硬件B轮100-499人   , 11-20K 1-3年大专  王女士人事行政经理    立即沟通  ,  项目质量管理   
0,https://www.zhipin.com/job_detail/79528fbf170e2e031nN_39m9GFFV.html,质量主管/经理,上海·浦东新区·迪士尼,  吉凯基因 制药D轮及以上500-999人   , 13-20K·14薪 3-5年本科  王女士HR    立即沟通  ,  生物工程 医学检验 ISO15189 QA QC  补充医疗保险，加班补助，带薪年假，年终奖，节日福利，餐补，员工旅游，免费班车，五险一金，定期体检 
0,https://www.zhipin.com/job_detail/2630d9b73a9633da1nd43t27E1NZ.html,研发质量工程师,上海·普陀区·长寿路,  器外文化科技 互联网B轮20-99人   , 13-17K 3-5年大专  史女士Hr    立即沟通  ,  五险一金 周末双休 八小时工作制 弹性工作制 带薪年假  年终奖，全勤奖，股票期权，定期体检，五险一金，员工旅游，带薪年假，零食下午茶，节日福利 
0,https://www.zhipin.com/job_detail/c80b954fdceae44f1XR50t-_EFBR.html,产品质量工程师QE,上海·闵行区·浦江,  星际光 医疗设备/器械未融资20-99人   , 11-18K·14薪 5-10年大专  李女士HR    立即沟通  ,  APQP PPAP  交通补助，五险一金，餐补，通讯补贴，年终奖，员工旅游，带薪年假，定期体检，加班补助，节日福利 
0,https://www.zhipin.com/job_detail/9a88ff20d6a353a81nB-2tW6GVNZ.html,质量工程师 医疗器械,上海·杨浦区·五角场,  上海大骋 医疗设备/器械天使轮20-99人   , 15-18K·14薪 3-5年大专  成女士Hr    立即沟通  ,  周末双休  五险一金，节日福利，年终奖，带薪年假，员工旅游，定期体检，零食下午茶 
0,https://www.zhipin.com/job_detail/959a7c9aa82014171XR73N6-GFNZ.html,包材质量工程师,上海·静安区·曹家渡,  毕生之研 医疗健康B轮100-499人   , 11-18K·14薪 1-3年大专  周女士HRBP    立即沟通  ,  FQC 包材 检测  零食下午茶，租房补贴，年终奖，带薪年假，定期团建，全勤奖，五险一金，股票期权 
0,https://www.zhipin.com/job_detail/82ec66aa42735b6e1n1-3NS8FVVS.html,安踏招聘质检员,上海·闵行区·华漕,  安踏 贸易/进出口已上市10000人以上   , 15-20K·15薪 5-10年本科  钟女士招聘    立即沟通  ,  质量管理体系标准 质检员证书 QC七大手法 化学检测  零食下午茶，五险一金，员工旅游，免费班车，节日福利，补充医疗保险，带薪年假，定期体检，餐补，全勤奖，年终奖，通讯补贴 
0,https://www.zhipin.com/job_detail/3cdd2d9f6874e5b81XR739S_FldV.html,质量保证工程师,上海·黄浦区·打浦桥,  莫名企业管理咨询 其他服务业0-20人   , 12-16K 5-10年本科  陈先生人事主管经理    立即沟通  ,  五险一金 餐补 房补 交通补助 加班费  全勤奖，加班补助，补充医疗保险，定期体检，五险一金 
0,https://www.zhipin.com/job_detail/a55d2d6756c8e78f1XR73Nu0GFZR.html,质量主管(J10426),上海·浦东新区·合庆,  信诺佰世 企业服务未融资100-499人   , 15-20K 3-5年本科  王女士招聘人员    立即沟通  ,  ISO15189 实验室质量管理体系标准 CAP认证 生物医学 检验实验室   
0,https://www.zhipin.com/job_detail/fdb12eeb6be317641n193t28EFNZ.html,出口质量工程师,上海,  上海梅凌 电子商务C轮1000-9999人   , 15-20K 3-5年本科  朱女士人力资源总监    立即沟通  ,  食品质量管理 微生物检测 食品质量管理体系标准 质量管理体系标准  节日福利，交通补助，五险一金，餐补，年终奖，股票期权，带薪年假，免费班车，员工旅游，零食下午茶 
0,https://www.zhipin.com/job_detail/033049e61525d05b1n182tu8EVVZ.html,前期质量工程师,上海·浦东新区·高行,  马瑞利 汽车生产不需要融资10000人以上   , 15-17K·15薪 3-5年本科  王女士招聘者    立即沟通  ,  五险 绩效奖金   
0,https://www.zhipin.com/job_detail/e89c35220c1c84d11nx43d-0FlFZ.html,供应商质量工程师SQE,上海·浦东新区·张江,  大连唯丹互联网公司 互联网20-99人   , 11-20K·13薪 经验不限本科  柳女士行政人事    立即沟通  ,  质量管理体系标准 医疗   
0,https://www.zhipin.com/job_detail/516d4077754e99661n1y2dy0FFdQ.html,CQE客户质量工程师,上海·徐汇区·漕河泾,  傅里叶半导体 电子/半导体/集成电路100-499人   , 13-20K·15薪 5-10年本科  王女士招聘专员    立即沟通  ,  CQE   
0,https://www.zhipin.com/job_detail/d101a20b3f7b69cf0X1-2967GVc~.html,测试工程师/质量工程师,上海·长宁区·仙霞,  拼多多 移动互联网已上市1000-9999人   , 14-28K·16薪 1-3年本科  陆女士招聘者    立即沟通  ,  测试工程师 软件测试 功能测试 计算机软件 IT服务  五险一金，包吃，股票期权，年终奖，带薪年假，节日福利，定期体检，交通补助 
0,https://www.zhipin.com/job_detail/bbfb4d815c6ff57d1nd43dq8E1BS.html,质量工程师（SQA）,上海,  信也科技 互联网已上市1000-9999人   , 15-25K·15薪 经验不限本科  林女士资深测试经理    立即沟通  ,  SQL SQA 过程改进 软件工程  补充医疗保险，股票期权，员工旅游，年终奖，节日福利，餐补，定期体检，五险一金，带薪年假，免费班车，零食下午茶 
0,https://www.zhipin.com/job_detail/539410cbdc8273701n1-396-FVtY.html,燃料电池系统质量工程师,上海·嘉定区·安亭,  氢瀛动力 新能源天使轮0-20人   , 12-20K·13薪 3-5年本科  陈先生副总经理    立即沟通  ,  质量管理体系标准 汽车质量管理体系标准 PQA/PQE 燃料电池系统  交通补助，带薪年假，节日福利，五险一金，股票期权，餐补，年终奖 
0,https://www.zhipin.com/job_detail/ad664d7fa5acc6fe1XR439m-ElpV.html,售后服务质量项目经理（MJ003772）,上海·浦东新区·临港,  特斯拉Tesla 汽车生产已上市10000人以上   , 15-25K 3-5年本科  王女士Recruiter    立即沟通  ,  售后支持 售后服务质量 热能 空调  带薪年假，餐补，通讯补贴，零食下午茶，补充医疗保险，五险一金，加班补助，住房补贴，节日福利，免费班车，股票期权，年终奖，定期体检 
0,https://www.zhipin.com/job_detail/0c10b685421f2c521XV-3d-5E1dV.html,知识库质量运营,上海·徐汇区·漕河泾,  北京字节跳动 移动互联网D轮及以上10000人以上   , 15-25K·15薪 3-5年本科  韦女士HRBP    立即沟通  ,  记者编辑 查证能力 产品运营 去伪存真 伪科学 内容研判 内容运营 新闻敏感度  五险一金，嘀嘀打车，免费健身房，零食下午茶，节日福利，包吃，住房补贴，免费班车 
0,https://www.zhipin.com/job_detail/93729d6f5baf850e1nF609S9E1tX.html,质量经理,上海·浦东新区·惠南,  康玖日化 日化20-99人   , 12-18K 3-5年本科  陈先生人事经理    立即沟通  ,  周末双休   
0,https://www.zhipin.com/job_detail/0614c1abca064be91n1y39m-F1ZW.html,质量经理,上海·宝山区·月浦,  一冷特艺 机械设备/机电/重工100-499人   , 11-20K 5-10年本科  李女士人事部长    立即沟通  ,  生产质量管理   
0,https://www.zhipin.com/job_detail/b3d44965acdcb4731n1609u8GVRZ.html,供应商质量工程师,上海·闵行区·吴泾,  途虎养车 O2OD轮及以上10000人以上   , 11-22K 3-5年本科  黄先生招聘者    立即沟通  ,  汽车/汽车用品  五险一金，定期体检 
0,https://www.zhipin.com/job_detail/0e31ba51b07862cf1nxy0ty8EVdY.html,质量工具工程师,上海·浦东新区·世纪公园,  春及 计算机服务100-499人   , 18-35K·14薪 3-5年本科  黄女士招聘总监    立即沟通  ,  运维开发 Jenkins CI/CD DevOps  五险一金 
0,https://www.zhipin.com/job_detail/b6d0810599fbb2ba1n1z2d68ElRT.html,质量工程师,上海·闵行区·浦江,  上海联泉 企业服务未融资100-499人   , 15-25K·14薪 3-5年本科  马女士项目管理工程师    立即沟通  ,  软件实施 实施工程师/顾问 开发软件调试维护 软件应用培训 项目验收 交接现场培训  加班补助，五险一金 
0,https://www.zhipin.com/job_detail/4424dab75cd636d933N_3d-5E1o~.html,数据质量专家,上海·浦东新区·陆家嘴,  蚂蚁金服 互联网未融资10000人以上   , 18-35K 1-3年本科  王先生高级开发测试工程师    立即沟通  ,  Jenkins 测试开发 白盒测试 SQL Python Java  股票期权，年终奖，五险一金，员工旅游，定期体检，节日福利，餐补，补充医疗保险，带薪年假 
0,https://www.zhipin.com/job_detail/73587d30250f16491nF63dS9EFZU.html,数据质量分析,上海,  维智 数据服务A轮100-499人   , 13-26K·13薪 3-5年本科  王先生测试经理    立即沟通  ,  Excel Python SQL Tableau Hive PowerBI  交通补助，餐补，通讯补贴，五险一金，节日福利，加班补助，定期体检，股票期权，带薪年假，年终奖，补充医疗保险，零食下午茶 
0,https://www.zhipin.com/job_detail/cb64f66af8b3424b1nxy3tS0E1FZ.html,软件质量保证,上海·嘉定区·嘉定镇,  箴思汽车 咨询不需要融资100-499人   , 15-30K 3-5年本科  王女士人事    立即沟通  ,  Java Python Android C++ 测试网络 移动网络测试  定期体检，五险一金，带薪年假，年终奖，节日福利 
0,https://www.zhipin.com/job_detail/b5c56c8b664c2e8f1nN72dq6EVdV.html,质量体系交付/实施顾问,上海·青浦区·徐泾,  上海固买 电子商务未融资100-499人   , 18-25K 3-5年大专  刘女士招聘高级经理    立即沟通  ,  实施工程师/顾问 售前支持 售后支持 软件实施 开发软件调试维护 交接现场培训 项目验收 软件应用培训  免费班车，节日福利，股票期权，餐补，零食下午茶，五险一金，带薪年假，定期体检 
0,https://www.zhipin.com/job_detail/a48f7e63360ae84a1n1-2Nu5FlZX.html,中级实施工程师（质量方向）,上海·长宁区·北新泾,  源资科技 计算机软件未融资100-499人   , 15-25K·13薪 3-5年本科  沙女士HRBP    立即沟通  ,  实施工程师/顾问  零食下午茶，定期体检，交通补助，通讯补贴，年终奖，员工旅游，带薪年假，节日福利，五险一金，住房补贴，餐补 
0,https://www.zhipin.com/job_detail/39a712908015e2351n163dW6GFpV.html,高质量新媒体运营,上海·杨浦区·延吉,  酷默默电商 电子商务未融资20-99人   , 15-30K·13薪 3-5年本科  乔女士招聘经理    立即沟通  ,  公众号/朋友圈运营 矩阵营销 短视频运营  交通补助，五险一金，节日福利，带薪年假，定期体检，餐补，员工旅游，住房补贴，年终奖 
0,https://www.zhipin.com/job_detail/f3d5173b547921271nx53t64GVdZ.html,图像质量工程师,上海·浦东新区·张江,  爱芯元智 电子/半导体/集成电路B轮100-499人   , 18-25K·14薪 3-5年本科  芶女士HR    立即沟通  ,  图像处理 Tunning  五险一金，零食下午茶，补充医疗保险，节日福利，带薪年假，定期体检 
0,https://www.zhipin.com/job_detail/3912f04ef2297ac21nN53Nq6GFRR.html,【2022届校招】图像质量工程师,上海·浦东新区·张江,  哲库 电子/半导体/集成电路1000-9999人   , 15-20K·15薪 在校/应届硕士  李先生校招组HR    立即沟通  ,  图形图像处理   
0,https://www.zhipin.com/job_detail/5f4056768ce9c6011nx-2d6_ElVQ.html,硬件质量工程师,上海·徐汇区·长桥,  闻泰科技 智能硬件已上市10000人以上   , 12-16K·13薪 1-3年本科  吴女士招聘者    立即沟通  ,  射频开发 基带工程师 硬件测试  股票期权，定期体检，节日福利，加班补助，带薪年假，五险一金，餐补，全勤奖 
0,https://www.zhipin.com/job_detail/14cd90aa5a75e06c0X1z3tq6GVE~.html,研发质量工程师,上海·浦东新区·张江,  上海祥承 通信/网络设备天使轮500-999人   , 12-22K·13薪 3-5年本科  石先生质量总监    立即沟通  ,  可靠度工程师 质量经理 质量工程师 智能硬件 QA 仪器仪表  五险一金，股票期权，节日福利，免费班车，定期体检，加班补助，员工旅游，带薪年假，零食下午茶 
0,https://www.zhipin.com/job_detail/217a2e271d6aa9f91n1809m0GVNY.html,项目管理,上海·浦东新区·张江,  序言泽 互联网不需要融资500-999人   , 15-25K·13薪 3-5年本科  刘女士HRBP    立即沟通  ,  数据分析 大数据产品 B端产品 后台产品 SQL  年终奖，定期体检，免费班车，带薪年假，餐补，加班补助，节日福利，零食下午茶，五险一金，全勤奖 
0,https://www.zhipin.com/job_detail/a13760a4c03436531n1-3Ny1F1RU.html,PMO项目管理,上海·浦东新区·塘桥,  吉利控股集团 汽车生产已上市10000人以上   , 15-25K 5-10年本科  韦女士HRBP    立即沟通  ,  项目管理  住房补贴，股票期权，年终奖，免费班车，补充医疗保险，加班补助，包吃，定期体检，交通补助，带薪年假，餐补，零食下午茶，通讯补贴，五险一金，员工旅游，节日福利 
0,https://www.zhipin.com/job_detail/b12bc0a776b0f2dd1n1y2du5EFZY.html,运维管理工程师,上海·杨浦区·东外滩,  爱驰汽车 汽车生产D轮及以上1000-9999人   , 12-24K·13薪 1-3年本科  徐先生HRBP    立即沟通  ,  安全运维 Shell DevOps  五险一金，加班补助，定期体检，通讯补贴，年终奖，补充公积金，餐补，带薪年假，交通补助 
0,https://www.zhipin.com/job_detail/4d39cf9b5f5ca77c1nN-2d27FFZQ.html,项目管理,上海·闵行区·莘庄,  富士康工业互联网 互联网已上市1000-9999人   , 12-24K·13薪 3-5年本科  叶女士招聘专员    立即沟通  ,  项目管理 禅道 PMP 系统集成工程师  定期体检，带薪年假，年终奖，五险一金 
0,https://www.zhipin.com/job_detail/bc5529a95a8ee9a91nN_39-_E1BR.html,物业设施管理高级经理,上海·长宁区·新华路,  均豪集团 物业服务不需要融资1000-9999人   , 15-30K 5-10年本科  刘先生行政人事主管    立即沟通  ,  运营管理 运营部门管理  节日福利，餐补，员工旅游，五险一金 
0,https://www.zhipin.com/job_detail/6275051aec5047b21XR73tm8E1tY.html,美术项目管理,上海,  巨人网络 游戏已上市1000-9999人   , 12-24K·14薪 1-3年本科  沈先生招聘HR    立即沟通  ,  需求采集 需求分析评估 产品内部评审 技术管理 软件实施  零食下午茶，补充医疗保险，免费班车，员工旅游，股票期权，五险一金，交通补助，节日福利，餐补，通讯补贴，年终奖，定期体检，带薪年假 
0,https://www.zhipin.com/job_detail/8637b544ae64e0e11XR609S-EVVR.html,网络管理员,上海,  UCloud 互联网已上市1000-9999人   , 15-25K·15薪 3-5年大专  叶女士HRBP    立即沟通  ,  网络运维 Zabbix 运维通信资格证书 CCNP证书  股票期权，年终奖，带薪年假，补充医疗保险，员工旅游，五险一金，节日福利，定期体检，零食下午茶 
0,https://www.zhipin.com/job_detail/98ff07a4dc0e594d3nB62Nm-GFQ~.html,科技管理,上海·浦东新区·张江,  七一六所 计算机硬件不需要融资1000-9999人   , 17-24K·13薪 经验不限硕士  刘先生招聘者    立即沟通  ,  项目申报 信息化 项目招投标 项目经理 活动策划  通讯补贴，带薪年假，五险一金，节日福利，补充医疗保险，餐补，定期体检，年终奖，交通补助，免费班车 
0,https://www.zhipin.com/job_detail/ce33eef7836766241XV70t6-F1FQ.html,运营管理经理,上海·徐汇区·漕河泾,  SenseTime 计算机软件已上市1000-9999人   , 15-25K·15薪 3-5年硕士  吴先生资深项目经理    立即沟通  ,  部门运营 项目管理 数据分析 PMP 行政管理  包吃，节日福利，定期体检，通讯补贴，年终奖，五险一金，股票期权，零食下午茶，交通补助，餐补，加班补助，带薪年假，补充医疗保险，住房补贴 
0,https://www.zhipin.com/job_detail/3194153b433d281b1n183tS1GFpX.html,平台管理经理,上海·闵行区·七宝,  宁波凯耀电器 贸易/进出口不需要融资1000-9999人   , 18-35K·13薪 5-10年大专  李先生集团招聘专员    立即沟通  ,  市场调研 需求分析 智能硬件产品 英语   
0,https://www.zhipin.com/job_detail/a9076c402cae47431nx80tS7GVtQ.html,项目管理PMO,上海·徐汇区·龙华,  HARMAY話梅 新零售D轮及以上500-999人   , 15-22K·14薪 3-5年本科  张女士招聘经理    立即沟通  ,  需求分析评估 项目管理 PMO  定期体检，节日福利，带薪年假，年终奖，交通补助，补充医疗保险，餐补，加班补助，五险一金 
0,https://www.zhipin.com/job_detail/5eb1f59f073c929e1XV53NS1FVFR.html,项目统筹管理,上海·浦东新区·张江,  喜马拉雅 音乐/视频/阅读D轮及以上1000-9999人   , 15-30K·15薪 3-5年本科  赵女士HR    立即沟通  ,  儿童内容 动画电影  节日福利，包吃，餐补，五险一金，免费班车，补充医疗保险，股票期权，年终奖，零食下午茶，带薪年假，定期体检 
0,https://www.zhipin.com/job_detail/48039823b6ec91941nZz0tS-GVNV.html,数据库管理员,上海·浦东新区·金桥,  北京海量数据 数据服务已上市500-999人   , 13-25K 1-3年本科  张女士招聘经理    立即沟通  ,  Oracle MySQL PostgreSQL OCM  股票期权，健身房，节日福利，五险一金，餐补，补充医疗保险，员工旅游，定期体检，零食下午茶，带薪年假 
0,https://www.zhipin.com/job_detail/4db70658701d89871n1-3NS-GFJT.html,PM项目管理,上海·浦东新区·张江,  华钦软件CLPS 计算机软件已上市1000-9999人   , 18-22K·13薪 3-5年本科  李女士招聘经理    立即沟通  ,  技术管理  带薪年假，员工旅游，定期体检，五险一金，年终奖，股票期权，零食下午茶，补充医疗保险，节日福利 
0,https://www.zhipin.com/job_detail/f4ea22190e629a451nVy39W-FVFV.html,游戏项目管理,上海·杨浦区·延吉,  上海小牛互娱 互联网不需要融资1000-9999人   , 15-25K 3-5年本科  刘女士HRBP    立即沟通  ,  项目管理  加班补助，年终奖，住房补贴，带薪年假，零食下午茶，员工旅游，餐补，五险一金，全勤奖，节日福利 
0,https://www.zhipin.com/job_detail/b7e82d282bf77e131nF93dq7F1JZ.html,数据库管理员(DBA),上海,  万科物流 物流/仓储不需要融资10000人以上   , 15-30K·14薪 5-10年本科  张先生HRBP    立即沟通  ,  NoSQL MySQL MongoDB Redis SQL 分布式技术  年终奖，五险一金，定期体检，补充医疗保险，零食下午茶，节日福利，餐补，交通补助，带薪年假，通讯补贴 
0,https://www.zhipin.com/job_detail/6169487ba55205c61XR-2d69GVRS.html,QA质量主管,上海·杨浦区·中原,  微谱 企业服务未融资1000-9999人   , 15-20K 3-5年本科  史女士HRBP    立即沟通  ,  质量管理体系标准 内审员证 CMA认证 CNAS认证 实验室质量管理体系标准  定期体检，员工旅游，带薪年假，交通补助，免费班车，节日福利，通讯补贴，五险一金，年终奖 
0,https://www.zhipin.com/job_detail/baf0332dd59b34b50nR73di8E1Q~.html,产品质量工程师,上海·浦东新区·张江,  华勤技术股份有限公司 智能硬件B轮10000人以上   , 11-17K·15薪 1-3年本科  张先生产品质量经理    立即沟通  ,  QA 内审员证 6Sigma  五险一金，带薪年假，补充医疗保险，定期体检，餐补，节日福利，年终奖，股票期权，交通补助，员工旅游 
0,https://www.zhipin.com/job_detail/7965cf6dd9c33b901nV73tm5GVZZ.html,质量体系管理,上海,  上海腾复 原材料及加工/模具天使轮20-99人   , 13-26K 3-5年本科  黄先生HR经理    立即沟通  ,  GMP 三类医疗器械 医疗器械 医疗器械生产质量管理规范 医疗器械注册 CFDA  带薪年假，五险一金，全勤奖 
0,https://www.zhipin.com/job_detail/e649fdc03116f7141nB_09W8GVE~.html,FE资深研发工程师（质量平台方向）,上海·浦东新区·张江,  百度 互联网已上市10000人以上   , 15-30K 3-5年本科  熊女士经理    立即沟通  ,  HTML/CSS Javascript Web前端  免费班车，节日福利，住房补贴，年终奖，交通补助，加班补助，带薪年假，补充医疗保险，零食下午茶，娱乐健身，通讯补贴，定期体检，员工旅游，餐补，五险一金 
0,https://www.zhipin.com/job_detail/f9e835c263e54ab51XR62d2_GVBR.html,质量体系管理专员,上海·徐汇区·音乐学院,  梦艺 医疗设备/器械100-499人   , 12-17K 1-3年本科  姜女士招聘主管    立即沟通  ,  质量管理体系标准 ISO13485   
0,https://www.zhipin.com/job_detail/aa782a4d3bdaa5451n142N-5F1JQ.html,供应商质量管理,上海·松江区·车墩,  上海百力格 其他行业A轮100-499人   , 12-18K·14薪 3-5年本科  张女士招聘主管    立即沟通  ,  化学 材料化学 试剂  包吃，年终奖，五险一金，加班补助，住房补贴，带薪年假，定期体检，员工旅游，餐补，员工宿舍 
0,https://www.zhipin.com/job_detail/6cbe05d80079bc4f1nJ72Nu4ElZT.html,供应商质量管理,上海,  安荻欧商务 批发/零售未融资100-499人   , 12-20K·13薪 3-5年本科  徐女士HRBP    立即沟通  ,  英语可作为工作语言 熟悉质量5大工具 跨国制造厂经验  员工旅游，年终奖，五险一金，餐补，健身卡，定期体检，零食下午茶，带薪年假，股票期权，补充医疗保险，通讯补贴 
0,https://www.zhipin.com/job_detail/497f94eacb64c1dc1nJ_3969EVZU.html,项目负责人（建筑工程质量风险管理服务）,上海·杨浦区·四平路,  同济项目管理 工程施工已上市100-499人   , 12-18K 10年以上大专  王先生TIS事业部总经理    立即沟通  ,  五险一金 餐补 交通补助 加班费 全勤奖 质量风险项目负责人  交通补助，带薪年假，通讯补贴，年终奖，餐补，定期体检，加班补助，五险一金 
0,https://www.zhipin.com/job_detail/eea47d63129ed3e61n1939S-GVdW.html,项目质量管理工程师,上海·长宁区·古北,  京兆 医疗设备/器械100-499人   , 16-20K 3-5年硕士  马女士招聘者    立即沟通  ,  医疗器械生产质量管理规范 二类医疗器械 医疗器械注册  五险一金，交通补助，带薪年假，员工旅游 
0,https://www.zhipin.com/job_detail/048e0617d96750dc1n1y2N21GVRQ.html,制程质量工程师,上海·嘉定区·嘉定镇,  禾赛 电子/半导体/集成电路D轮及以上1000-9999人   , 15-25K·14薪 3-5年硕士  王女士高级招聘专员    立即沟通  ,  汽车质量管理体系标准 SPC MSA 6σ  定期体检，员工旅游，五险一金，带薪年假，补充医疗保险，包吃，股票期权，年终奖，零食下午茶，餐补，节日福利 
0,https://www.zhipin.com/job_detail/b10a018e044d7fb11n190t6-GFdT.html,质量工程师,上海·浦东新区·金桥,  擎朗智能 智能硬件D轮及以上1000-9999人   , 12-17K·14薪 1-3年大专  陈先生售后质量经理    立即沟通  ,  五险一金  员工旅游，补充医疗保险，股票期权，五险一金，全勤奖，零食下午茶，节日福利，定期体检，带薪年假，年终奖 
0,https://www.zhipin.com/job_detail/3d406b0db50af4af1XR509u4E1RR.html,设计质量工程师,上海·浦东新区·张江,  微创机器人 医疗设备/器械已上市1000-9999人   , 15-30K·14薪 5-10年大专  朱先生质量总监    立即沟通  ,  GMP 二类医疗器械 三类医疗器械 医疗器械生产质量管理规范 FDA ISO认证 CE认证 CFDA  节日福利，住房补贴，五险一金，带薪年假，年终奖，餐补，免费班车，员工旅游，定期体检 
0,https://www.zhipin.com/job_detail/4f514e904021d2321XR43ty7GVRY.html,项目质量工程师 薪资面议,上海·闵行区·浦江,  华人运通控股(上... 新能源不需要融资1000-9999人   , 15-30K·14薪 3-5年本科  卜女士人事专员    立即沟通  ,  项目管理 乘用车 质量管理 项目质量  补充医疗保险，五险一金，节日福利，年终奖，定期体检，免费班车，定期体检，带薪年假，通讯补贴 
0,https://www.zhipin.com/job_detail/06288b9b3932a66f1XR62t-4ElJW.html,SQA质量工程师（上海华勤）,上海·浦东新区·张江,  文睿 计算机软件未融资100-499人   , 15-30K 经验不限学历不限  褚女士人事    立即沟通  ,  SQA/SQE  五险一金，定期体检，节日福利，年终奖，带薪年假 
0,https://www.zhipin.com/job_detail/fa9c0eea531fdbfb1n1639u5FlRS.html,质量工程师,上海·徐汇区·漕河泾,  龙凯电子 智能硬件未融资20-99人   , 14-20K·14薪 5-10年本科  陈女士HRM    立即沟通  ,  质量管理体系标准 外审 实验室质量管理体系标准  年终奖，五险一金，带薪年假，零食下午茶，节日福利，加班补助，定期体检 
0,https://www.zhipin.com/job_detail/697ac31089f16ee21XR73N20FFNW.html,游戏质量策划,上海·普陀区·金沙江路,  波克城市 游戏不需要融资1000-9999人   , 15-25K·15薪 1-3年本科  张先生招聘者    立即沟通  ,  MMORPG游戏 手游 QA 用户体验 版本控制  住房补贴，带薪年假，员工旅游，补充医疗保险，节日福利，交通补助，五险一金，包吃，零食下午茶，定期体检，年终奖 
0,https://www.zhipin.com/job_detail/a231f7e36f0271891XR52NW4F1ZQ.html,产品质量工程师,上海·闵行区·颛桥,  铼钠克数控 仪器仪表/工业自动化100-499人   , 11-20K·14薪 3-5年本科  杨女士人事专员    立即沟通  ,  PQA/PQE   
0,https://www.zhipin.com/job_detail/9703434547bcf0aa1n190t-7E1RY.html,供应商质量工程师,上海·嘉定区·外冈,  法雷奥 汽车生产已上市10000人以上   , 12-18K·13薪 3-5年大专  樊先生HR Specialist    立即沟通  ,  英语可作为工作语言 跨国制造厂经验 熟悉质量5大工具 熟悉IATF6949 注塑件 可接受出差 供应商质量管理 注塑工艺  股票期权，定期体检，带薪年假，免费班车，员工旅游，交通补助，包吃，通讯补贴，五险一金，年终奖，补充医疗保险，节日福利 
0,https://www.zhipin.com/job_detail/58089f47cb80e08d1n173N66GFBV.html,包材质量工程师,上海,  毕生之研 医疗健康B轮100-499人   , 12-18K·14薪 1-3年大专  季女士hrbp    立即沟通  ,  FQC  带薪年假，五险一金，租房补贴，股票期权，全勤奖，定期团建，年终奖，零食下午茶 
0,https://www.zhipin.com/job_detail/6ff99dd410b94e701nJy3tm4GFZV.html,QA质量工程师（医疗器械）,上海·浦东新区·张江,  上海微创投资控股... 医疗设备/器械已上市1000-9999人   , 12-18K·14薪 1-3年硕士  唐女士高级招聘主管    立即沟通  ,  三类医疗器械 医疗器械生产质量管理规范 QA ISO认证 CE认证 FDA认证 ISO13485 研发  股票期权，节日福利，年终奖，餐补，免费班车，五险一金，带薪年假，通讯补贴 
0,https://www.zhipin.com/job_detail/f7ff7fc8ceacb84c1nx83dW5ElRQ.html,质量工程师,上海·浦东新区·张江,  蓝帆医疗 医疗设备/器械已上市1000-9999人   , 12-18K·14薪 1-3年本科  王先生研发总监    立即沟通  ,  三类医疗器械 研发质量管理  餐补，带薪年假，五险一金，年终奖，免费班车 
0,https://www.zhipin.com/job_detail/654c4e94c77fe9331XR439m4FlJT.html,服务质量项目经理（数据方向）（MJ004819）,上海·浦东新区·临港,  特斯拉Tesla 汽车生产已上市10000人以上   , 15-25K 经验不限本科  王女士Recruiter    立即沟通  ,  服务质量 数据分析  零食下午茶，五险一金，加班补助，年终奖，节日福利，餐补，补充医疗保险，通讯补贴，住房补贴，股票期权，免费班车，定期体检，带薪年假 
0,https://www.zhipin.com/job_detail/e01aa69af865c5751nx93d61F1VQ.html,SQE供应商质量工程师,上海·闵行区·吴泾,  途虎养车 O2OD轮及以上10000人以上   , 11-22K·13薪 3-5年本科  黄先生招聘者    立即沟通  ,  汽车/汽车用品  五险一金，定期体检 
0,https://www.zhipin.com/job_detail/05a60498d990e28b1XR63Nu_EVVS.html,CQE客户质量工程师,上海·徐汇区·漕河泾,  傅里叶半导体 电子/半导体/集成电路100-499人   , 14-20K·15薪 5-10年本科  戴女士hr    立即沟通  ,  CQE工程师   
0,https://www.zhipin.com/job_detail/af43145223a5244b1nJz3dW6GFZW.html,质量平台高级资深测试工程师,上海·杨浦区·东外滩,  得物App 电子商务B轮1000-9999人   , 15-30K·16薪 经验不限大专  钟先生资深Android开发工程师    立即沟通  ,  软件测试 自动化测试 性能测试 接口测试 系统测试 服务端测试 Python Shell  五险一金，节日福利，带薪年假，餐补，加班补助，股票期权，员工旅游，定期体检，零食下午茶，住房补贴，年终奖，交通补助 
0,https://www.zhipin.com/job_detail/9a4a595fe52d28471n1629W1FFZS.html,高质量新媒体运营,上海,  酷默默电商 电子商务未融资20-99人   , 15-30K 3-5年本科  陆女士HR    立即沟通  ,  公众号/朋友圈运营 矩阵营销 短视频运营 社群运营  员工旅游，年终奖，节日福利，带薪年假，交通补助，五险一金，定期体检，餐补，住房补贴 
0,https://www.zhipin.com/job_detail/0685be2120c4a8b11XZ-0tS1Flo~.html,SQE供应商质量管理-铸件,上海,  棣邦 人力资源服务未融资20-99人   , 9-18K 3-5年本科  滕女士招聘顾问    立即沟通  ,  SQE 供应商质量 铸件   
0,https://www.zhipin.com/job_detail/da23c81e4c823bdf1nF92Nu0EVBW.html,实施工程师（质量）,上海·长宁区·北新泾,  源资科技 计算机软件未融资100-499人   , 12-24K·13薪 经验不限本科  沈女士HRM    立即沟通  ,  生物工程 GMP CSV QA  住房补贴，通讯补贴，节日福利，五险一金，餐补，交通补助，年终奖，零食下午茶，带薪年假，定期体检，员工旅游 
0,https://www.zhipin.com/job_detail/ddb5b77b1e7b6c871nZ609u0FVJV.html,项目管理,上海·金山区·亭林,  日铭电脑 原材料及加工/模具不需要融资10000人以上   , 15-25K 5-10年大专  吴女士人事    立即沟通  ,  产品开发  五险一金，免费班车，年终奖，加班补助，带薪年假，全勤奖，员工旅游，包吃，住房补贴，节日福利 
0,https://www.zhipin.com/job_detail/8238a7da0fb36e981nN-2tW1E1ZT.html,产品管理,上海·闵行区·莘庄,  富士康工业互联网 互联网已上市1000-9999人   , 14-28K·13薪 3-5年本科  叶女士招聘专员    立即沟通  ,  产品设计 需求分析  年终奖，五险一金，带薪年假，定期体检 
0,https://www.zhipin.com/job_detail/781d966f983651241XR70ty0GFVX.html,PMO项目管理,上海·浦东新区·塘桥,  吉利控股集团 汽车生产已上市10000人以上   , 15-30K·14薪 5-10年本科  李女士招聘专员    立即沟通  ,  零售行业 互联网平台运营  免费班车，节日福利，餐补，五险一金，定期体检，零食下午茶，住房补贴，包吃，交通补助，员工旅游，股票期权，带薪年假，补充医疗保险，加班补助，年终奖，通讯补贴 
0,https://www.zhipin.com/job_detail/913fc271b14a3b381nR_09i-EVpU.html,研发质量工程师,上海·浦东新区·张江,  上海祥承 通信/网络设备天使轮500-999人   , 12-20K 3-5年本科  樊女士靠谱的HR    立即沟通  ,  QA/QE 硬件 质量经理/主管  零食下午茶，节日福利，带薪年假，五险一金，加班补助，员工旅游，股票期权，定期体检，免费班车 
0,https://www.zhipin.com/job_detail/d4f422e3539c08d51XR63d2-ElNS.html,供应商质量管理工程师,上海·浦东新区·张江,  上海泰矽微 电子/半导体/集成电路A轮20-99人   , 15-30K·14薪 5-10年本科  邵女士HRD    立即沟通  ,  熟悉IATF6949 熟悉ISO9000/9001 熟悉质量5大工具 供应商开发经验  股票期权，定期体检，带薪年假，年终奖，员工旅游，节日福利，补充医疗保险，餐补，交通补助，零食下午茶，包吃，五险一金 
0,https://www.zhipin.com/job_detail/c6dba26ff0990c701nN40tW-F1ZY.html,项目质量工程师PQA（汽车电子方向）,上海,  华勤技术股份有限公司 智能硬件B轮10000人以上   , 16-30K·15薪 经验不限本科  彭先生HR    立即沟通  ,  汽车电子 PQA APQP SOP  五险一金，员工旅游，节日福利，年终奖，定期体检，补充医疗保险，带薪年假，股票期权，交通补助，餐补 
0,https://www.zhipin.com/job_detail/eee08355a65e8b4f1nF72t-8FFJV.html,质量工程师（信息化项目组）,上海,  微谱 企业服务未融资1000-9999人   , 18-25K·13薪 3-5年本科  张女士招聘经理    立即沟通  ,  技术管理 合规 验证  免费班车，交通补助，通讯补贴，节日福利，年终奖，五险一金，定期体检，员工旅游，带薪年假 
0,https://www.zhipin.com/job_detail/28fff5969f6d9d331nN43dm7E1VU.html,供应商质量管理（纺织）,上海,  安荻欧商务 批发/零售未融资100-499人   , 13-20K 3-5年本科  徐女士HRBP    立即沟通  ,  英语可作为工作语言 跨国制造厂经验 熟悉质量5大工具  健身卡，通讯补贴，零食下午茶，五险一金，餐补，补充医疗保险，股票期权，员工旅游，定期体检，带薪年假，年终奖 
0,https://www.zhipin.com/job_detail/45439ef55c6d409c1XR439--E1JV.html,QA工程师/质量工程师,上海·浦东新区·张江,  微创机器人 医疗设备/器械已上市1000-9999人   , 15-25K·14薪 3-5年本科  陈女士招聘主管    立即沟通  ,  医疗器械注册 医疗器械生产质量管理规范  节日福利，住房补贴，免费班车，员工旅游，五险一金，餐补，年终奖，定期体检，带薪年假 
0,https://www.zhipin.com/job_detail/4f8d99ec7cba4ef41nJ83NS_EVBR.html,汽车质量工程师,上海,  华人运通控股(上... 新能源不需要融资1000-9999人   , 15-30K 1-3年本科  徐女士HR    立即沟通  ,  aspice  五险一金，节日福利，年终奖，定期体检，补充医疗保险，通讯补贴，免费班车，带薪年假，定期体检 
0,https://www.zhipin.com/job_detail/490701a4fe9f57bf1XR72dW4E1tZ.html,研发质量QA工程师,上海·浦东新区·张江,  上海微创投资控股... 医疗设备/器械已上市1000-9999人   , 14-20K·14薪 1-3年硕士  方女士招聘专员    立即沟通  ,  QC IQC 医疗器械生产质量管理规范 生物工程  股票期权，五险一金，餐补，节日福利，通讯补贴，免费班车，年终奖，带薪年假 
0,https://www.zhipin.com/job_detail/9aa36632c515c7721XR42960E1ZU.html,游戏质量策划 (MJ001049),上海·普陀区·长风,  波克城市 游戏不需要融资1000-9999人   , 15-25K·15薪 经验不限本科  孟先生HR    立即沟通  ,  MMORPG游戏 系统设计 版本质量跟进 游戏研发  员工旅游，补充医疗保险，包吃，交通补助，年终奖，五险一金，零食下午茶，带薪年假，定期体检，住房补贴，节日福利 
0,https://www.zhipin.com/job_detail/cef8b95cbf3d65df1XR739W1FVFT.html,数据项目经理，售后服务质量,上海·浦东新区·临港,  特斯拉Tesla 汽车生产已上市10000人以上   , 15-20K 1-3年本科  詹女士recruiter    立即沟通  ,  Python Tableau SQL  餐补，补充医疗保险，加班补助，带薪年假，通讯补贴，年终奖，节日福利，住房补贴，五险一金，免费班车，定期体检，零食下午茶，股票期权 
0,https://www.zhipin.com/job_detail/1847f9e982696bd51nZ83dy1GVJV.html,研发质量工程师,上海·浦东新区·张江,  上海祥承 通信/网络设备天使轮500-999人   , 12-18K 3-5年本科  杨女士HR    立即沟通  ,  生产质量管理 FMEA APQP 电子半导体 硬件 智能硬件 手机 POS机  免费班车，带薪年假，股票期权，零食下午茶，定期体检，节日福利，员工旅游，五险一金，加班补助 
0,https://www.zhipin.com/job_detail/8cc47a55ee66391b1nV_09W7FFFW.html,软件质量保证工程师,上海·浦东新区·张江,  华勤技术股份有限公司 智能硬件B轮10000人以上   , 18-23K·16薪 3-5年本科  彭女士经理    立即沟通  ,  移动端 软件开发 质量管理 项目管理 数据分析 流程优化  股票期权，定期体检，餐补，带薪年假，年终奖，节日福利，五险一金，员工旅游，补充医疗保险，交通补助 
0,https://www.zhipin.com/job_detail/82e4fc5c43569fac1nx539y0FlBT.html,项目质量工程师,上海·青浦区·徐泾,  禾赛 电子/半导体/集成电路D轮及以上1000-9999人   , 15-30K·15薪 经验不限本科  陈女士HRBP    立即沟通  ,  FMEA 精益生产 6σ ISO26262  带薪年假，包吃，员工旅游，补充医疗保险，年终奖，股票期权，零食下午茶，节日福利，五险一金，定期体检，餐补 
0,https://www.zhipin.com/job_detail/ec979b919769ff751n1z2tS7E1RT.html,供应商软件质量工程师-薪资面议,上海·闵行区·浦江,  华人运通控股(上... 新能源不需要融资1000-9999人   , 15-30K·14薪 3-5年本科  卜女士人事专员    立即沟通  ,  软件 软件测试 车载软件 软件开发 嵌入式软件开发  节日福利，补充医疗保险，五险一金，定期体检，年终奖，免费班车，带薪年假，通讯补贴，定期体检 
0,https://www.zhipin.com/job_detail/a1688490b4c6a86b1nd43929FVNT.html,高级研发质量工程师（无源）,上海,  微创机器人 医疗设备/器械已上市1000-9999人   , 15-25K 5-10年本科  巨女士招聘主管    立即沟通  ,  生物工程 QC  住房补贴，定期体检，节日福利，带薪年假，餐补，年终奖，免费班车，员工旅游，五险一金 
0,https://www.zhipin.com/job_detail/fcb3822ea50f6d1e1nx-3N29FlZZ.html,供应商质量工程师,上海·浦东新区·金桥,  擎朗智能 智能硬件D轮及以上1000-9999人   , 11-20K 5-10年大专  李先生品质管理    立即沟通  ,  PCBA 电池 塑料件 材料认证 家用电器 电子元器件 欧盟质量管理标准  员工旅游，五险一金，节日福利，零食下午茶，补充医疗保险，股票期权，年终奖，全勤奖，带薪年假，定期体检 
0,https://www.zhipin.com/job_detail/f4e54f9470b8fa9a1XV52967EFVX.html,设施质量技术员/工程师,上海·浦东新区·临港,  特斯拉Tesla 汽车生产已上市10000人以上   , 11-22K 5-10年大专  贾先生职员    立即沟通  ,  CAD  股票期权，餐补，节日福利，加班补助，定期体检，住房补贴，补充医疗保险，通讯补贴，免费班车，带薪年假，五险一金，年终奖，零食下午茶 
0,https://www.zhipin.com/job_detail/275dbd4e5c0678061n1y3tS8EVpX.html,供应商质量管理SQE,上海·浦东新区·张江,  微创机器人 医疗设备/器械已上市1000-9999人   , 15-30K·14薪 经验不限本科  朱先生资深高级经理    立即沟通  ,  SQE SDE 供应商质量 供应商开发 供应商管理  免费班车，节日福利，五险一金，住房补贴，员工旅游，年终奖，定期体检，餐补，带薪年假 
0,https://www.zhipin.com/job_detail/f63dcd79b4db16591n1y2N27FFpV.html,供应商质量工程师（光学件）,上海·嘉定区·嘉定镇,  禾赛 电子/半导体/集成电路D轮及以上1000-9999人   , 15-25K·14薪 3-5年硕士  王女士高级招聘专员    立即沟通  ,  熟悉质量5大工具 供应商开发经验 熟悉IATF6949  包吃，员工旅游，餐补，五险一金，补充医疗保险，带薪年假，股票期权，节日福利，年终奖，零食下午茶，定期体检 
0,https://www.zhipin.com/job_detail/c4a550ab70f865ad1nF-3961FVpW.html,质量工程师,上海·浦东新区·张江,  华勤技术股份有限公司 智能硬件B轮10000人以上   , 12-16K·15薪 3-5年本科  王女士项目质量经理    立即沟通  ,  质量管理  定期体检，补充医疗保险，节日福利，交通补助，员工旅游，带薪年假，餐补，五险一金，年终奖，股票期权 
0,https://www.zhipin.com/job_detail/128118ccfde8303b1nN73ty5E1dY.html,项目管理,上海·普陀区·长风,  波克城市 游戏不需要融资1000-9999人   , 15-25K·15薪 经验不限大专  杨女士招聘者    立即沟通  ,  进度管理 版本控制 团队建设 敏捷管理 游戏  五险一金，零食下午茶，住房补贴，节日福利，包吃，员工旅游，年终奖，定期体检，带薪年假，补充医疗保险，交通补助 
0,https://www.zhipin.com/job_detail/38ebee89e61a48a81XR42N65FlZW.html,售后服务质量项目经理（MJ004827）,上海·浦东新区·临港,  特斯拉Tesla 汽车生产已上市10000人以上   , 15-25K 经验不限本科  王女士Recruiter    立即沟通  ,  售后质量管理  年终奖，零食下午茶，带薪年假，加班补助，住房补贴，股票期权，定期体检，节日福利，补充医疗保险，通讯补贴，五险一金，免费班车，餐补 
0,https://www.zhipin.com/job_detail/39e7ea355f60d1391n1y2N24GVNU.html,供应商质量工程师（电子件）,上海·嘉定区·嘉定镇,  禾赛 电子/半导体/集成电路D轮及以上1000-9999人   , 15-25K·14薪 3-5年硕士  王女士高级招聘专员    立即沟通  ,  熟悉质量5大工具 供应商开发经验 熟悉IATF6949  年终奖，零食下午茶，五险一金，补充医疗保险，餐补，带薪年假，节日福利，员工旅游，包吃，股票期权，定期体检 
0,https://www.zhipin.com/job_detail/3e09d6cc27c7dab61XRz0925GFtY.html,设计质量工程师,上海·浦东新区·临港,  特斯拉Tesla 汽车生产已上市10000人以上   , 15-30K 经验不限学历不限  张女士Hr    立即沟通  ,  六险一金 DQE/DQA FQE PQA/PQE OQE AQE CQE SQA/SQE  定期体检，住房补贴，通讯补贴，带薪年假，节日福利，加班补助，零食下午茶，餐补，五险一金，股票期权，年终奖，免费班车，补充医疗保险 
0,https://www.zhipin.com/job_detail/05a600f6e1e45a941n1y2N24GFdS.html,供应商质量工程师（机械件）,上海·嘉定区·嘉定镇,  禾赛 电子/半导体/集成电路D轮及以上1000-9999人   , 15-25K·14薪 3-5年硕士  王女士高级招聘专员    立即沟通  ,  熟悉质量5大工具 供应商开发经验 熟悉IATF6949  餐补，五险一金，节日福利，包吃，带薪年假，年终奖，员工旅游，零食下午茶，股票期权，补充医疗保险，定期体检 
0,https://www.zhipin.com/job_detail/4933e9359e7e53c31XR73N-8E1VV.html,技术项目经理，售后服务质量（内外饰）,上海·浦东新区·临港,  特斯拉Tesla 汽车生产已上市10000人以上   , 15-25K 3-5年本科  詹女士recruiter    立即沟通  ,  内外饰  零食下午茶，节日福利，通讯补贴，免费班车，住房补贴，加班补助，定期体检，股票期权，带薪年假，年终奖，补充医疗保险，餐补，五险一金 
0,https://www.zhipin.com/job_detail/8e8387d94fc73a031XR50t2-FlFS.html,供应商质量保证工程师-电池/电机(MJ004952),上海·浦东新区·临港,  特斯拉Tesla 汽车生产已上市10000人以上   , 15-28K 3-5年本科  孙女士Recruiter    立即沟通  ,  熟悉质量5大工具  补充医疗保险，餐补，零食下午茶，五险一金，定期体检，节日福利，加班补助，免费班车，住房补贴，年终奖，股票期权，带薪年假，通讯补贴 
0,https://www.zhipin.com/job_detail/475c274063e0e9471n1_29q1EFtY.html,整车质量工程师-电子电器 (MJ002145),上海·浦东新区·临港,  特斯拉Tesla 汽车生产已上市10000人以上   , 17-21K 3-5年本科  王女士Recruiter    立即沟通  ,  QC七大手法 精益生产 8D报告  零食下午茶，年终奖，股票期权，定期体检，住房补贴，五险一金，节日福利，餐补，带薪年假，加班补助，补充医疗保险，免费班车，通讯补贴 
0,https://www.zhipin.com/job_detail/3b8a159097f820fd1XV729S8F1RS.html,整车质量工程师-电子电器,上海·浦东新区·临港,  特斯拉Tesla 汽车生产已上市10000人以上   , 15-20K 5-10年本科  张女士Hr    立即沟通  ,  FMEA 全面质量管理TQM 6σ 精益生产  加班补助，股票期权，节日福利，带薪年假，餐补，通讯补贴，年终奖，五险一金，住房补贴，零食下午茶，补充医疗保险，免费班车，定期体检 
0,https://www.zhipin.com/job_detail/674e67606646219f1XR-39-8ElJV.html,质量部Audit工程师气味&VOC方向,上海·浦东新区·临港,  特斯拉Tesla 汽车生产已上市10000人以上   , 14-20K 5-10年本科  王女士Recruiter    立即沟通  ,  SPC MSA FMEA APQP PPAP  加班补助，年终奖，定期体检，餐补，五险一金，节日福利，零食下午茶，通讯补贴，股票期权，带薪年假，住房补贴，补充医疗保险，免费班车 
0,https://www.zhipin.com/job_detail/c00393fc6b75d16e1n153N29E1ZW.html,内饰质量工程师 (MJ002655),上海·浦东新区·临港,  特斯拉Tesla 汽车生产已上市10000人以上   , 13-20K 3-5年本科  王女士Recruiter    立即沟通  ,  8D报告 精益生产 SPC 汽车质量管理体系标准  节日福利，五险一金，住房补贴，零食下午茶，股票期权，通讯补贴，补充医疗保险，带薪年假，免费班车，定期体检，年终奖，加班补助，餐补 
0,https://www.zhipin.com/job_detail/fee36f8fc42296261n1-09u0EVBS.html,质量部Audit工程师--气味&VOC方向,上海·浦东新区·临港,  特斯拉Tesla 汽车生产已上市10000人以上   , 16-18K 3-5年本科  王女士Recruiter    立即沟通  ,  PPAP APQP FMEA SPC MSA  餐补，五险一金，带薪年假，住房补贴，股票期权，年终奖，节日福利，补充医疗保险，免费班车，通讯补贴，定期体检，加班补助，零食下午茶 
0,https://www.zhipin.com/job_detail/de8eb3da36ab5bd91n153N28E1BY.html,电机质量工程师-定子/转子 (MJ002218),上海·浦东新区·临港,  特斯拉Tesla 汽车生产已上市10000人以上   , 13-18K 经验不限学历不限  王女士Recruiter    立即沟通  ,  CAD PCB设计 电路设计  节日福利，通讯补贴，五险一金，补充医疗保险，免费班车，股票期权，餐补，零食下午茶，年终奖，住房补贴，定期体检，加班补助，带薪年假 
